﻿<?xml version="1.0" encoding="utf-8" ?>
<Categories>
  <Category>
    <Name>Breakfast</Name>
  </Category>
  <Category>
    <Name>Appetizers</Name>
  </Category>
  <Category>
    <Name>Soups</Name>
  </Category>
  <Category>
    <Name>Salads</Name>
  </Category>
  <Category>
    <Name>Desserts</Name>
  </Category>
  <Category>
    <Name>Breads</Name>
  </Category>
  <Category>
    <Name>Main dishes</Name>
  </Category>
  <Category>
    <Name>Side dishes</Name>
  </Category>
</Categories>